bin	n_genomes
2019_12	17
2020_01	239
2020_02	490
2020_03	9364
2020_04	7520
2020_05	4918
2020_06	4697
2020_07	9412
2020_08	6688
2020_09	6083
2020_10	6632
2020_11	9738
2020_12	16108
2021_01	17659
2021_02	19994
2021_03	30867
2021_04	40517
2021_05	25232
2021_06	12779
2021_07	13427
2021_08	15971
2021_09	12638
2021_10	12995
2021_11	71295
2021_12	82057
2022_01	82939
2022_02	55725
2022_03	33405
2022_04	47264
2022_05	69108
2022_06	59118
2022_07	69661
2022_08	55765
2022_09	42773
2022_10	29527
2022_11	33832
2022_12	33757
2023_01	16669
2023_02	4599
2023_03	1465
2023_04	496
2023_05	377
2023_06	339
2023_07	497
2023_08	1168
2023_09	1014
2023_10	489
2023_11	1256
2023_12	5364
2024_01	8872
2024_02	5683
2024_03	1732
2024_04	1255
2024_05	864
2024_06	2668
2024_07	5209
2024_08	6614
2024_09	4791
2024_10	1666
2024_11	1263
2024_12	2088
2025_01	2171
2025_02	1887
2025_03	1123
2025_04	702
2025_05	308
2025_06	318
2025_07	467
2025_08	464
2025_09	77
